invoice,success_count,total_pipelines,avg_accuracy,avg_f1,page_count,searchable,success_rate
BMRE-01,0,5,0.72,0.7121999999999999,2,False,0.0
BRE-01,0,6,0.8333333333333334,0.8150000000000001,1,True,0.0
BRE-02,1,6,0.7166666666666667,0.6908333333333334,1,True,0.16666666666666666
BRE-03,5,6,0.8833333333333333,0.895,1,True,0.8333333333333334
BRE-04,0,6,0.85,0.8125,1,True,0.0
BRE-05,5,6,0.9166666666666666,0.9151666666666666,1,True,0.8333333333333334
